2025-12-11T22:00:24.095159,https://www.servustv.com/tv-programm/PN0B1EC15B2FE10/?d=12.12.,True
2025-12-11T22:00:30.860178,https://www.servustv.com/tv-programm/PN0B1EC15B2FE10/?d=11.12.,True
2025-12-11T22:06:35.049426,https://www.servustv.com/tv-programm/PN0B1EC15B2FE10/?d=11.12.,False
2025-12-11T22:06:40.582384,https://www.servustv.com/tv-programm/PN0B1EC15B2FE10/?d=12.12.,True
2025-12-11T22:13:30.655003,https://www.servustv.com/tv-programm/PN0B1EC15B2FE10/?d=12.12.,True
2025-12-11T22:13:30.910059,https://www.servustv.com/tv-programm/PN0B1EC15B2FE10/?d=12.12.,True
2025-12-11T22:13:38.841100,https://www.servustv.com/tv-programm/PN0B1EC15B2FE10/?d=12.12.,True
2025-12-11T22:13:39.033163,https://www.servustv.com/tv-programm/PN0B1EC15B2FE10/?d=12.12.,True
2025-12-11T22:13:53.985497,https://www.servustv.com/tv-programm/PN0B1EC15B2FE10/?d=12.12.,True
2025-12-11T22:21:42.293689,https://www.servustv.com/tv-programm/PN0B1EC15B2FE10/?d=11.12.,False
2025-12-11T22:21:52.212575,https://www.servustv.com/tv-programm/PN0B1EC15B2FE10/?d=11.12.,False
2025-12-11T21:34:53.533028,https://www.servustv.com/tv-programm/PN0B1EC15B2FE10/?d=11.12.,False
2025-12-12T03:25:13.164372,https://www.servustv.com/tv-programm/PN0B1EC15B2FE10/?d=12.12.,True
2025-12-13T03:17:48.869587,https://www.servustv.com/tv-programm/PN0B1EC15B2FE10/?d=13.12.,True
2025-12-14T03:40:24.928607,https://www.servustv.com/tv-programm/PN0B1EC15B2FE10/?d=14.12.,False
2025-12-15T03:43:47.272752,https://www.servustv.com/tv-programm/PN0B1EC15B2FE10/?d=15.12.,True
2025-12-16T03:26:39.905085,https://www.servustv.com/tv-programm/PN0B1EC15B2FE10/?d=16.12.,True
2025-12-17T03:22:03.456220,https://www.servustv.com/tv-programm/PN0B1EC15B2FE10/?d=17.12.,True
2025-12-18T03:22:45.251724,https://www.servustv.com/tv-programm/PN0B1EC15B2FE10/?d=18.12.,True
2025-12-19T03:25:44.954208,https://www.servustv.com/tv-programm/PN0B1EC15B2FE10/?d=19.12.,True
2025-12-20T03:16:52.903716,https://www.servustv.com/tv-programm/PN0B1EC15B2FE10/?d=20.12.,False
2025-12-21T03:40:23.193842,https://www.servustv.com/tv-programm/PN0B1EC15B2FE10/?d=21.12.,False
2025-12-22T03:44:56.552000,https://www.servustv.com/tv-programm/PN0B1EC15B2FE10/?d=22.12.,True
2025-12-23T03:37:36.994233,https://www.servustv.com/tv-programm/PN0B1EC15B2FE10/?d=23.12.,True
2025-12-24T03:26:00.444742,https://www.servustv.com/tv-programm/PN0B1EC15B2FE10/?d=24.12.,False
2025-12-25T03:37:49.757938,https://www.servustv.com/tv-programm/PN0B1EC15B2FE10/?d=25.12.,False
2025-12-26T03:26:35.958008,https://www.servustv.com/tv-programm/PN0B1EC15B2FE10/?d=26.12.,False
2025-12-27T03:24:52.023238,https://www.servustv.com/tv-programm/PN0B1EC15B2FE10/?d=27.12.,False
2025-12-28T03:49:32.919147,https://www.servustv.com/tv-programm/PN0B1EC15B2FE10/?d=28.12.,False
2025-12-29T03:51:21.280475,https://www.servustv.com/tv-programm/PN0B1EC15B2FE10/?d=29.12.,True
2025-12-30T03:39:05.235325,https://www.servustv.com/tv-programm/PN0B1EC15B2FE10/?d=30.12.,True
2025-12-31T03:38:44.114922,https://www.servustv.com/tv-programm/PN0B1EC15B2FE10/?d=31.12.,False
2026-01-01T03:52:02.938455,https://www.servustv.com/tv-programm/PN0B1EC15B2FE10/?d=01.01.,False
2026-01-02T03:42:29.622563,https://www.servustv.com/tv-programm/PN0B1EC15B2FE10/?d=02.01.,True
2026-01-03T03:24:05.836983,https://www.servustv.com/tv-programm/PN0B1EC15B2FE10/?d=03.01.,False
2026-01-04T03:52:39.562595,https://www.servustv.com/tv-programm/PN0B1EC15B2FE10/?d=04.01.,False
2026-01-05T03:57:33.170864,https://www.servustv.com/tv-programm/PN0B1EC15B2FE10/?d=05.01.,True
2026-01-06T03:40:49.575613,https://www.servustv.com/tv-programm/PN0B1EC15B2FE10/?d=06.01.,False
2026-01-07T03:40:57.741207,https://www.servustv.com/tv-programm/PN0B1EC15B2FE10/?d=07.01.,True
2026-01-08T03:41:16.866572,https://www.servustv.com/tv-programm/PN0B1EC15B2FE10/?d=08.01.,True
2026-01-09T03:42:00.290816,https://www.servustv.com/tv-programm/PN0B1EC15B2FE10/?d=09.01.,True
2026-01-10T03:26:14.115181,https://www.servustv.com/tv-programm/PN0B1EC15B2FE10/?d=10.01.,False
2026-01-11T03:51:56.925470,https://www.servustv.com/tv-programm/PN0B1EC15B2FE10/?d=11.01.,False
2026-01-12T03:51:32.713119,https://www.servustv.com/tv-programm/PN0B1EC15B2FE10/?d=12.01.,True
2026-01-13T03:39:58.854639,https://www.servustv.com/tv-programm/PN0B1EC15B2FE10/?d=13.01.,True
2026-01-14T03:49:38.440442,https://www.servustv.com/tv-programm/PN0B1EC15B2FE10/?d=14.01.,True
2026-01-15T03:43:09.456644,https://www.servustv.com/tv-programm/PN0B1EC15B2FE10/?d=15.01.,True
2026-01-16T03:41:49.640452,https://www.servustv.com/tv-programm/PN0B1EC15B2FE10/?d=16.01.,True
2026-01-17T03:24:42.726618,https://www.servustv.com/tv-programm/PN0B1EC15B2FE10/?d=17.01.,False
2026-01-18T03:47:58.356142,https://www.servustv.com/tv-programm/PN0B1EC15B2FE10/?d=18.01.,False
2026-01-19T03:52:36.890664,https://www.servustv.com/tv-programm/PN0B1EC15B2FE10/?d=19.01.,True
2026-01-20T03:46:20.084674,https://www.servustv.com/tv-programm/PN0B1EC15B2FE10/?d=20.01.,True
2026-01-21T03:46:08.955539,https://www.servustv.com/tv-programm/PN0B1EC15B2FE10/?d=21.01.,True
2026-01-22T03:49:55.162693,https://www.servustv.com/tv-programm/PN0B1EC15B2FE10/?d=22.01.,True
2026-01-23T03:44:49.064086,https://www.servustv.com/tv-programm/PN0B1EC15B2FE10/?d=23.01.,True
2026-01-24T03:38:11.501693,https://www.servustv.com/tv-programm/PN0B1EC15B2FE10/?d=24.01.,False
2026-01-25T03:56:13.054204,https://www.servustv.com/tv-programm/PN0B1EC15B2FE10/?d=25.01.,False
2026-01-26T03:58:56.352117,https://www.servustv.com/tv-programm/PN0B1EC15B2FE10/?d=26.01.,True
2026-01-27T03:49:27.801390,https://www.servustv.com/tv-programm/PN0B1EC15B2FE10/?d=27.01.,True
2026-01-28T03:47:27.894372,https://www.servustv.com/tv-programm/PN0B1EC15B2FE10/?d=28.01.,True
2026-01-29T04:08:56.493373,https://www.servustv.com/tv-programm/PN0B1EC15B2FE10/?d=29.01.,True
2026-01-30T04:10:47.625632,https://www.servustv.com/tv-programm/PN0B1EC15B2FE10/?d=30.01.,True
2026-01-31T04:07:07.950312,https://www.servustv.com/tv-programm/PN0B1EC15B2FE10/?d=31.01.,False
2026-02-01T04:30:53.179177,https://www.servustv.com/tv-programm/PN0B1EC15B2FE10/?d=01.02.,False
2026-02-02T04:26:08.373864,https://www.servustv.com/tv-programm/PN0B1EC15B2FE10/?d=02.02.,True
